"Source:","/home/gui/Downloads/Stepper_Driver_TMC2225-SA-Tx4/hardware/Stepper_Driver_TMC2225-SA-Tx4/Stepper_Driver_TMC2225-SA-Tx4.kicad_sch"
"Date:","mar. 28 mars 2023 13:58:16"
"Tool:","Eeschema 6.0.10-86aedd382b~118~ubuntu22.04.1"
"Generator:","/usr/share/kicad/plugins/bom_csv_grouped_by_value.py"
"Component Count:","84"

"Individual Components:"

"Item","Qty","Reference(s)","Value","LibPart","Footprint","Datasheet"
"","","C1","1uF","Device:C","Capacitor_SMD:C_0603_1608Metric_Pad1.08x0.95mm_HandSolder","~"
"","","C2","100nF","Device:C","Capacitor_SMD:C_0603_1608Metric_Pad1.08x0.95mm_HandSolder","~"
"","","C3","100uF","Device:C_Polarized","Capacitor_SMD:CP_Elec_10x10.5","~"
"","","C4","1uF","Device:C","Capacitor_SMD:C_0603_1608Metric_Pad1.08x0.95mm_HandSolder","~"
"","","C5","100nF","Device:C","Capacitor_SMD:C_0603_1608Metric_Pad1.08x0.95mm_HandSolder","~"
"","","C6","100nF","Device:C","Capacitor_SMD:C_0603_1608Metric_Pad1.08x0.95mm_HandSolder","~"
"","","C7","22nF","Device:C","Capacitor_SMD:C_0603_1608Metric_Pad1.08x0.95mm_HandSolder","~"
"","","C8","10uF","Device:C_Polarized","Capacitor_SMD:CP_Elec_4x5.7","~"
"","","C9","100nF","Device:C","Capacitor_SMD:C_0603_1608Metric_Pad1.08x0.95mm_HandSolder","~"
"","","C10","100nF","Device:C","Capacitor_SMD:C_0603_1608Metric_Pad1.08x0.95mm_HandSolder","~"
"","","C11","100nF","Device:C","Capacitor_SMD:C_0603_1608Metric_Pad1.08x0.95mm_HandSolder","~"
"","","C12","100uF","Device:C_Polarized","Capacitor_SMD:CP_Elec_6.3x7.7","~"
"","","C13","2.2uF","Device:C","Capacitor_SMD:C_0603_1608Metric_Pad1.08x0.95mm_HandSolder","~"
"","","C14","100nF","Device:C","Capacitor_SMD:C_0603_1608Metric_Pad1.08x0.95mm_HandSolder","~"
"","","C15","22nF","Device:C","Capacitor_SMD:C_0603_1608Metric_Pad1.08x0.95mm_HandSolder","~"
"","","C16","10uF","Device:C_Polarized","Capacitor_SMD:CP_Elec_4x5.7","~"
"","","C17","100nF","Device:C","Capacitor_SMD:C_0603_1608Metric_Pad1.08x0.95mm_HandSolder","~"
"","","C18","100nF","Device:C","Capacitor_SMD:C_0603_1608Metric_Pad1.08x0.95mm_HandSolder","~"
"","","C19","100nF","Device:C","Capacitor_SMD:C_0603_1608Metric_Pad1.08x0.95mm_HandSolder","~"
"","","C20","100uF","Device:C_Polarized","Capacitor_SMD:CP_Elec_6.3x7.7","~"
"","","C21","2.2uF","Device:C","Capacitor_SMD:C_0603_1608Metric_Pad1.08x0.95mm_HandSolder","~"
"","","C22","100nF","Device:C","Capacitor_SMD:C_0603_1608Metric_Pad1.08x0.95mm_HandSolder","~"
"","","C23","22nF","Device:C","Capacitor_SMD:C_0603_1608Metric_Pad1.08x0.95mm_HandSolder","~"
"","","C24","10uF","Device:C_Polarized","Capacitor_SMD:CP_Elec_4x5.7","~"
"","","C25","100nF","Device:C","Capacitor_SMD:C_0603_1608Metric_Pad1.08x0.95mm_HandSolder","~"
"","","C26","100nF","Device:C","Capacitor_SMD:C_0603_1608Metric_Pad1.08x0.95mm_HandSolder","~"
"","","C27","100nF","Device:C","Capacitor_SMD:C_0603_1608Metric_Pad1.08x0.95mm_HandSolder","~"
"","","C28","100uF","Device:C_Polarized","Capacitor_SMD:CP_Elec_6.3x7.7","~"
"","","C29","2.2uF","Device:C","Capacitor_SMD:C_0603_1608Metric_Pad1.08x0.95mm_HandSolder","~"
"","","C30","100nF","Device:C","Capacitor_SMD:C_0603_1608Metric_Pad1.08x0.95mm_HandSolder","~"
"","","C31","22nF","Device:C","Capacitor_SMD:C_0603_1608Metric_Pad1.08x0.95mm_HandSolder","~"
"","","C32","10uF","Device:C_Polarized","Capacitor_SMD:CP_Elec_4x5.7","~"
"","","C33","100nF","Device:C","Capacitor_SMD:C_0603_1608Metric_Pad1.08x0.95mm_HandSolder","~"
"","","C34","100nF","Device:C","Capacitor_SMD:C_0603_1608Metric_Pad1.08x0.95mm_HandSolder","~"
"","","C35","100nF","Device:C","Capacitor_SMD:C_0603_1608Metric_Pad1.08x0.95mm_HandSolder","~"
"","","C36","100uF","Device:C_Polarized","Capacitor_SMD:CP_Elec_6.3x7.7","~"
"","","C37","2.2uF","Device:C","Capacitor_SMD:C_0603_1608Metric_Pad1.08x0.95mm_HandSolder","~"
"","","D1","LED","Device:LED","LED_SMD:LED_0603_1608Metric_Pad1.05x0.95mm_HandSolder","~"
"","","D2","LED","Device:LED","LED_SMD:LED_0603_1608Metric_Pad1.05x0.95mm_HandSolder","~"
"","","D3","LED","Device:LED","LED_SMD:LED_0603_1608Metric_Pad1.05x0.95mm_HandSolder","~"
"","","D4","LED","Device:LED","LED_SMD:LED_0603_1608Metric_Pad1.05x0.95mm_HandSolder","~"
"","","D5","LED","Device:LED","LED_SMD:LED_0603_1608Metric_Pad1.05x0.95mm_HandSolder","~"
"","","D6","LED","Device:LED","LED_SMD:LED_0603_1608Metric_Pad1.05x0.95mm_HandSolder","~"
"","","H1","MountingHole_Pad","Mechanical:MountingHole_Pad","MountingHole:MountingHole_3.2mm_M3_Pad_Via","~"
"","","H2","MountingHole_Pad","Mechanical:MountingHole_Pad","MountingHole:MountingHole_3.2mm_M3_Pad_Via","~"
"","","H3","MountingHole_Pad","Mechanical:MountingHole_Pad","MountingHole:MountingHole_3.2mm_M3_Pad_Via","~"
"","","H4","MountingHole_Pad","Mechanical:MountingHole_Pad","MountingHole:MountingHole_3.2mm_M3_Pad_Via","~"
"","","J1","Conn_01x05","Connector_Generic:Conn_01x05","Connector_JST:JST_XH_B5B-XH-A_1x05_P2.50mm_Vertical","~"
"","","J2","Conn_01x05","Connector_Generic:Conn_01x05","Connector_JST:JST_XH_B5B-XH-A_1x05_P2.50mm_Vertical","~"
"","","J3","Conn_01x03_Male","Connector:Conn_01x03_Male","Connector_JST:JST_XH_B3B-XH-A_1x03_P2.50mm_Vertical","~"
"","","J4","Conn_01x04_Female","Connector:Conn_01x04_Female","Connector_JST:JST_XH_B4B-XH-A_1x04_P2.50mm_Vertical","~"
"","","J5","Conn_01x04_Female","Connector:Conn_01x04_Female","Connector_JST:JST_XH_B4B-XH-A_1x04_P2.50mm_Vertical","~"
"","","J6","Conn_01x04_Female","Connector:Conn_01x04_Female","Connector_JST:JST_XH_B4B-XH-A_1x04_P2.50mm_Vertical","~"
"","","J7","Conn_01x04_Female","Connector:Conn_01x04_Female","Connector_JST:JST_XH_B4B-XH-A_1x04_P2.50mm_Vertical","~"
"","","JP1","SolderJumper_3_Bridged12","Jumper:SolderJumper_3_Bridged12","Jumper:SolderJumper-3_P1.3mm_Bridged12_RoundedPad1.0x1.5mm_NumberLabels","~"
"","","JP2","SolderJumper_3_Bridged12","Jumper:SolderJumper_3_Bridged12","Jumper:SolderJumper-3_P1.3mm_Bridged12_RoundedPad1.0x1.5mm_NumberLabels","~"
"","","JP3","SolderJumper_3_Bridged12","Jumper:SolderJumper_3_Bridged12","Jumper:SolderJumper-3_P1.3mm_Bridged12_RoundedPad1.0x1.5mm_NumberLabels","~"
"","","JP4","SolderJumper_3_Bridged12","Jumper:SolderJumper_3_Bridged12","Jumper:SolderJumper-3_P1.3mm_Bridged12_RoundedPad1.0x1.5mm_NumberLabels","~"
"","","JP5","SolderJumper_3_Bridged12","Jumper:SolderJumper_3_Bridged12","Jumper:SolderJumper-3_P1.3mm_Bridged12_RoundedPad1.0x1.5mm_NumberLabels","~"
"","","JP6","SolderJumper_3_Bridged12","Jumper:SolderJumper_3_Bridged12","Jumper:SolderJumper-3_P1.3mm_Bridged12_RoundedPad1.0x1.5mm_NumberLabels","~"
"","","JP7","SolderJumper_3_Bridged12","Jumper:SolderJumper_3_Bridged12","Jumper:SolderJumper-3_P1.3mm_Bridged12_RoundedPad1.0x1.5mm_NumberLabels","~"
"","","JP8","SolderJumper_3_Bridged12","Jumper:SolderJumper_3_Bridged12","Jumper:SolderJumper-3_P1.3mm_Bridged12_RoundedPad1.0x1.5mm_NumberLabels","~"
"","","R1","1k","Device:R","Resistor_SMD:R_0603_1608Metric_Pad0.98x0.95mm_HandSolder","~"
"","","R2","1k","Device:R","Resistor_SMD:R_0603_1608Metric_Pad0.98x0.95mm_HandSolder","~"
"","","R3","110m","Device:R","Resistor_SMD:R_1206_3216Metric_Pad1.30x1.75mm_HandSolder","~"
"","","R4","150m","Device:R","Resistor_SMD:R_1206_3216Metric_Pad1.30x1.75mm_HandSolder","~"
"","","R5","150m","Device:R","Resistor_SMD:R_1206_3216Metric_Pad1.30x1.75mm_HandSolder","~"
"","","R6","1k","Device:R","Resistor_SMD:R_0603_1608Metric_Pad0.98x0.95mm_HandSolder","~"
"","","R7","110m","Device:R","Resistor_SMD:R_1206_3216Metric_Pad1.30x1.75mm_HandSolder","~"
"","","R8","150m","Device:R","Resistor_SMD:R_1206_3216Metric_Pad1.30x1.75mm_HandSolder","~"
"","","R9","150m","Device:R","Resistor_SMD:R_1206_3216Metric_Pad1.30x1.75mm_HandSolder","~"
"","","R10","1k","Device:R","Resistor_SMD:R_0603_1608Metric_Pad0.98x0.95mm_HandSolder","~"
"","","R11","110m","Device:R","Resistor_SMD:R_1206_3216Metric_Pad1.30x1.75mm_HandSolder","~"
"","","R12","150m","Device:R","Resistor_SMD:R_1206_3216Metric_Pad1.30x1.75mm_HandSolder","~"
"","","R13","150m","Device:R","Resistor_SMD:R_1206_3216Metric_Pad1.30x1.75mm_HandSolder","~"
"","","R14","1k","Device:R","Resistor_SMD:R_0603_1608Metric_Pad0.98x0.95mm_HandSolder","~"
"","","R15","110m","Device:R","Resistor_SMD:R_1206_3216Metric_Pad1.30x1.75mm_HandSolder","~"
"","","R16","150m","Device:R","Resistor_SMD:R_1206_3216Metric_Pad1.30x1.75mm_HandSolder","~"
"","","R17","150m","Device:R","Resistor_SMD:R_1206_3216Metric_Pad1.30x1.75mm_HandSolder","~"
"","","R18","1k","Device:R","Resistor_SMD:R_0603_1608Metric_Pad0.98x0.95mm_HandSolder","~"
"","","U1","TMC2225-SA-T","Custom_laptop:TMC2225-SA-T","Package_SO:HTSSOP-28-1EP_4.4x9.7mm_P0.65mm_EP2.85x5.4mm_ThermalVias",""
"","","U2","TMC2225-SA-T","Custom_laptop:TMC2225-SA-T","Package_SO:HTSSOP-28-1EP_4.4x9.7mm_P0.65mm_EP2.85x5.4mm_ThermalVias",""
"","","U3","TMC2225-SA-T","Custom_laptop:TMC2225-SA-T","Package_SO:HTSSOP-28-1EP_4.4x9.7mm_P0.65mm_EP2.85x5.4mm_ThermalVias",""
"","","U4","TMC2225-SA-T","Custom_laptop:TMC2225-SA-T","Package_SO:HTSSOP-28-1EP_4.4x9.7mm_P0.65mm_EP2.85x5.4mm_ThermalVias",""



"Collated Components:"

"Item","Qty","Reference(s)","Value","LibPart","Footprint","Datasheet"
"1","2","C1, C4","1uF","Device:C","Capacitor_SMD:C_0603_1608Metric_Pad1.08x0.95mm_HandSolder","~"
"2","18","C2, C5, C6, C9, C10, C11, C14, C17, C18, C19, C22, C25, C26, C27, C30, C33, C34, C35","100nF","Device:C","Capacitor_SMD:C_0603_1608Metric_Pad1.08x0.95mm_HandSolder","~"
"3","1","C3","100uF","Device:C_Polarized","Capacitor_SMD:CP_Elec_10x10.5","~"
"4","4","C7, C15, C23, C31","22nF","Device:C","Capacitor_SMD:C_0603_1608Metric_Pad1.08x0.95mm_HandSolder","~"
"5","4","C8, C16, C24, C32","10uF","Device:C_Polarized","Capacitor_SMD:CP_Elec_4x5.7","~"
"6","4","C12, C20, C28, C36","100uF","Device:C_Polarized","Capacitor_SMD:CP_Elec_6.3x7.7","~"
"7","4","C13, C21, C29, C37","2.2uF","Device:C","Capacitor_SMD:C_0603_1608Metric_Pad1.08x0.95mm_HandSolder","~"
"8","6","D1, D2, D3, D4, D5, D6","LED","Device:LED","LED_SMD:LED_0603_1608Metric_Pad1.05x0.95mm_HandSolder","~"
"9","4","H1, H2, H3, H4","MountingHole_Pad","Mechanical:MountingHole_Pad","MountingHole:MountingHole_3.2mm_M3_Pad_Via","~"
"10","2","J1, J2","Conn_01x05","Connector_Generic:Conn_01x05","Connector_JST:JST_XH_B5B-XH-A_1x05_P2.50mm_Vertical","~"
"11","1","J3","Conn_01x03_Male","Connector:Conn_01x03_Male","Connector_JST:JST_XH_B3B-XH-A_1x03_P2.50mm_Vertical","~"
"12","4","J4, J5, J6, J7","Conn_01x04_Female","Connector:Conn_01x04_Female","Connector_JST:JST_XH_B4B-XH-A_1x04_P2.50mm_Vertical","~"
"13","8","JP1, JP2, JP3, JP4, JP5, JP6, JP7, JP8","SolderJumper_3_Bridged12","Jumper:SolderJumper_3_Bridged12","Jumper:SolderJumper-3_P1.3mm_Bridged12_RoundedPad1.0x1.5mm_NumberLabels","~"
"14","6","R1, R2, R6, R10, R14, R18","1k","Device:R","Resistor_SMD:R_0603_1608Metric_Pad0.98x0.95mm_HandSolder","~"
"15","4","R3, R7, R11, R15","110m","Device:R","Resistor_SMD:R_1206_3216Metric_Pad1.30x1.75mm_HandSolder","~"
"16","8","R4, R5, R8, R9, R12, R13, R16, R17","150m","Device:R","Resistor_SMD:R_1206_3216Metric_Pad1.30x1.75mm_HandSolder","~"
"17","4","U1, U2, U3, U4","TMC2225-SA-T","Custom_laptop:TMC2225-SA-T","Package_SO:HTSSOP-28-1EP_4.4x9.7mm_P0.65mm_EP2.85x5.4mm_ThermalVias",""
